generation,timestamp,duration_seconds,fitness_best,fitness_avg,fitness_worst,fitness_std,best_distance_ever,current_max_time,population_size,mutation_rate,mutation_strength,elite_size
0,2026-08-03 09:05:19,1.395811,413.9436148071289,-31.097877111584918,-224.79863166809082,93.52671871831144,413.9436148071289,500,128,0.1,0.2,4
1,2026-08-03 09:05:20,0.465603,401.8779955132063,7.620588050702497,-249.82905387878418,95.5307520574345,413.9436148071289,624,128,0.1,0.2,4
2,2026-08-03 09:05:20,0.477342,527.1744345395992,7.467975783351292,-242.0536994934082,111.41936849671207,527.1744345395992,624,128,0.1,0.2,4
3,2026-08-03 09:05:21,0.530219,543.8287109444569,8.139808090582846,-219.5645809173584,100.90466362309816,543.8287109444569,658,128,0.1,0.2,4
4,2026-08-03 09:05:21,0.578543,546.2755467629181,15.90516882669785,-191.53985977172852,112.5400111510498,546.2755467629181,663,128,0.1,0.2,4
5,2026-08-03 09:05:22,0.528698,546.2755467629181,8.532835222413809,-284.1066360473633,124.59095377666495,546.2755467629181,663,128,0.1,0.2,4
6,2026-08-03 09:05:22,0.525331,546.2755467629181,24.862435208160953,-170.49145698547363,115.39223148616054,546.2755467629181,663,128,0.1,0.2,4
7,2026-08-03 09:05:23,0.519798,546.2755467629181,19.94569809738828,-233.28089714050293,127.57614397210534,546.2755467629181,663,128,0.1,0.2,4
8,2026-08-03 09:05:23,0.558957,546.2755467629181,10.86386970523817,-231.00261688232422,136.20907314475366,546.2755467629181,663,128,0.1,0.2,4
9,2026-08-03 09:05:24,0.531667,546.2755467629181,26.61087658955295,-229.0076732635498,126.00813157185891,546.2755467629181,663,128,0.1,0.2,4
10,2026-08-03 09:05:24,0.507756,546.2755467629181,26.220437454427834,-205.12971878051758,124.79047024969401,546.2755467629181,663,128,0.1,0.2,4
11,2026-08-03 09:05:25,0.508098,546.2755467629181,17.49326524687518,-204.7231674194336,124.44510065236514,546.2755467629181,663,128,0.1,0.2,4
12,2026-08-03 09:05:25,0.495299,546.2755467629181,3.01536177031368,-239.09430503845215,128.8226180242895,546.2755467629181,663,128,0.1,0.2,4
13,2026-08-03 09:05:26,0.575263,546.2755467629181,17.857197665948693,-266.36362075805664,123.5959043411935,546.2755467629181,663,128,0.1,0.2,4
14,2026-08-03 09:05:26,0.556076,763.1754552401029,31.829972514247853,-246.48804664611816,134.96600876508677,763.1754552401029,663,128,0.1,0.2,4
15,2026-08-03 09:05:27,0.489403,799.2367503407238,11.098482184367397,-252.2298812866211,155.47197674610965,799.2367503407238,728,128,0.1,0.2,4
16,2026-08-03 09:05:27,0.536291,795.2423405421441,24.9143245156912,-257.79099464416504,151.0591792432845,799.2367503407238,739,128,0.1,0.2,4
17,2026-08-03 09:05:28,0.557169,795.2423405421441,36.46151033575731,-199.36089515686035,165.4389156333735,799.2367503407238,739,128,0.1,0.2,4
18,2026-08-03 09:05:29,0.605978,795.2423405421441,48.380216538553995,-230.40661811828613,164.09939585320424,799.2367503407238,739,128,0.1,0.2,4
19,2026-08-03 09:05:29,0.572487,795.2423405421441,60.29092508235688,-258.307409286499,166.5731464121523,799.2367503407238,739,128,0.1,0.2,4
20,2026-08-03 09:05:30,0.589577,795.2423405421441,54.1245049523349,-210.24775505065918,202.59893579939512,799.2367503407238,739,128,0.1,0.2,4
21,2026-08-03 09:05:30,0.585861,795.2423405421441,52.37821878774272,-256.695032119751,196.19187500314297,799.2367503407238,739,128,0.1,0.2,4
22,2026-08-03 09:05:31,0.627866,795.2423405421441,61.96453313755395,-235.94632148742676,192.86610557368,799.2367503407238,739,128,0.1,0.2,4
23,2026-08-03 09:05:32,0.685597,995.4575322606728,102.83333227144254,-178.87697219848633,221.9092623693632,995.4575322606728,739,128,0.1,0.2,4
24,2026-08-03 09:05:33,0.789919,1081.845339724892,132.67696520172075,-197.90401458740234,235.9003357041674,1081.845339724892,798,128,0.1,0.2,4
25,2026-08-03 09:05:33,0.850251,1151.7444558745449,150.9996606673353,-216.67685508728027,230.01389332469836,1151.7444558745449,824,128,0.1,0.2,4
26,2026-08-03 09:05:34,0.830319,1631.9250281971588,168.64957643623518,-214.00713920593262,295.3778129651782,1631.9250281971588,845,128,0.1,0.2,4
27,2026-08-03 09:05:35,0.845207,1919.8378070179444,184.79540991129235,-183.18376541137695,327.3632667739248,1919.8378070179444,989,128,0.1,0.2,4
28,2026-08-03 09:05:36,0.889645,1953.7840531105219,222.98892695642724,-105.40132522583008,390.38930481679944,1953.7840531105219,1075,128,0.1,0.2,4
29,2026-08-03 09:05:37,0.827848,2007.5219117475478,253.67722934005326,-183.56761932373047,413.5094349378831,2007.5219117475478,1086,128,0.1,0.2,4
30,2026-08-03 09:05:38,0.996502,2079.7382728590505,307.07622353173565,-163.82145881652832,455.8639836478385,2079.7382728590505,1102,128,0.1,0.2,4
31,2026-08-03 09:05:39,1.057865,2123.166806296589,431.1661661437264,-113.0516529083252,562.3433828802475,2123.166806296589,1123,128,0.1,0.2,4
32,2026-08-03 09:05:40,1.267767,2479.693832934742,557.4001875824331,-97.8162595960829,596.0649287536581,2479.693832934742,1136,128,0.1,0.2,4
33,2026-08-03 09:05:41,1.354228,2679.9073551512492,724.4910172691191,-110.78910827636719,696.7308857876446,2679.9073551512492,1243,128,0.1,0.2,4
34,2026-08-03 09:05:43,1.495001,2910.5708430678865,783.8327027472061,-81.99280816681531,760.4095913474856,2910.5708430678865,1303,128,0.1,0.2,4
35,2026-08-03 09:05:44,1.551621,2898.939827726604,839.223313159711,-42.60648025749878,813.4910744764018,2910.5708430678865,1373,128,0.1,0.2,4
36,2026-08-03 09:05:46,1.693743,2958.128630824968,870.0329730623719,-58.09590248834519,831.2768244826766,2958.128630824968,1373,128,0.1,0.2,4
37,2026-08-03 09:05:48,2.025914,3009.903216042275,1085.561147587277,34.643594383588294,799.1675377261768,3009.903216042275,1387,128,0.1,0.2,4
38,2026-08-03 09:05:50,1.690312,3299.1389167121747,996.6343882513352,-54.50615882873535,898.7843418667117,3299.1389167121747,1402,128,0.1,0.2,4
39,2026-08-03 09:05:52,1.934077,3546.2573761744657,1118.697930584832,-159.52935218811035,971.2735504670087,3546.2573761744657,1489,128,0.1,0.2,4
40,2026-08-03 09:05:54,2.08601,3553.013200026292,1151.1931579860154,-75.00637716847687,1016.9038065798638,3553.013200026292,1563,128,0.1,0.2,4
41,2026-08-03 09:05:56,1.881414,3575.037560459905,1205.1402726917079,-72.25383450908046,1089.4855313951846,3575.037560459905,1565,128,0.1,0.2,4
42,2026-08-03 09:05:58,1.910279,3589.1506084413018,1036.53761711684,-34.93971824645996,982.8088641067351,3589.1506084413018,1572,128,0.1,0.2,4
43,2026-08-03 09:05:59,1.664726,3594.467004688863,842.1970427270747,-131.75621032714844,898.4575404992034,3594.467004688863,1576,128,0.1,0.2,4
44,2026-08-03 09:06:01,1.837746,3596.783800016338,979.3015026120624,-134.24158096313477,979.1204703022837,3596.783800016338,1578,128,0.1,0.2,4
45,2026-08-03 09:06:03,1.836813,3597.87200686145,984.2747182720335,-77.73590087890625,909.4889557796236,3597.87200686145,1579,128,0.1,0.2,4
46,2026-08-03 09:06:05,1.72053,3597.87200686145,904.1392573824655,-132.93170928955078,938.1580058983656,3597.87200686145,1579,128,0.1,0.2,4
47,2026-08-03 09:06:07,1.935392,3674.711707600164,973.2179595423867,-141.08200073242188,942.5724735692752,3674.711707600164,1579,128,0.1,0.2,4
48,2026-08-03 09:06:09,1.835886,3731.5724842200116,984.5023234621632,-97.26297050394038,992.6599119529752,3731.5724842200116,1602,128,0.1,0.2,4
49,2026-08-03 09:06:10,1.548088,4359.674036215675,874.1213904580625,-175.3617763519287,999.9587211929411,4359.674036215675,1619,128,0.1,0.2,4
50,2026-08-03 09:06:12,1.886449,4807.531260757995,1116.5562059606784,-107.84001350402832,1179.6325838161304,4807.531260757995,1807,128,0.1,0.2,4
51,2026-08-03 09:06:14,1.72982,5259.249088747003,984.0056112317513,-164.2580509185791,1183.4969318798685,5259.249088747003,1942,128,0.1,0.2,4
52,2026-08-03 09:06:16,1.932567,5188.767799790473,1097.196207489586,-131.47010803222656,1264.3666316208355,5259.249088747003,2000,128,0.1,0.2,4
53,2026-08-03 09:06:18,2.114718,5188.767799790473,1158.1563000752117,-53.82981300354004,1230.6918183760688,5259.249088747003,2000,128,0.1,0.2,4
54,2026-08-03 09:06:20,2.066726,5188.767799790473,1149.7517101157994,-76.43869905586702,1247.3688282069515,5259.249088747003,2000,128,0.1,0.2,4
55,2026-08-03 09:06:22,2.155293,5188.767799790473,1159.4035120600677,-146.71030044555664,1240.6950299761759,5259.249088747003,2000,128,0.1,0.2,4
56,2026-08-03 09:06:24,1.892145,5188.767799790473,1041.0142467704104,-136.25783920288086,1218.8127049432333,5259.249088747003,2000,128,0.1,0.2,4
57,2026-08-03 09:06:26,2.228622,5188.767799790473,1252.210137562541,-154.2090892791748,1341.9663625509106,5259.249088747003,2000,128,0.1,0.2,4
58,2026-08-03 09:06:29,2.452099,5188.767799790473,1385.6771426979392,-61.24386787414551,1372.5252963322027,5259.249088747003,2000,128,0.1,0.2,4
59,2026-08-03 09:06:31,2.09229,5189.773565673828,1190.2187032944178,-118.80178451538086,1413.6969442721922,5259.249088747003,2000,128,0.1,0.2,4
60,2026-08-03 09:06:33,2.285121,5189.773565673828,1536.483567968886,-135.12539863586426,1513.9205773033107,5259.249088747003,2000,128,0.1,0.2,4
61,2026-08-03 09:06:35,2.260444,5189.773565673828,1538.1287263559034,-96.55564549205067,1551.0190989298458,5259.249088747003,2000,128,0.1,0.2,4
62,2026-08-03 09:06:37,2.10166,5189.773565673828,1486.7575159609335,-134.49463844299316,1505.9701811699972,5259.249088747003,2000,128,0.1,0.2,4
63,2026-08-03 09:06:40,2.532943,5198.535101928711,1712.7223261582767,-70.8721670290319,1559.6509018173404,5259.249088747003,2000,128,0.1,0.2,4
64,2026-08-03 09:06:42,2.547321,5198.535101928711,1824.553446377199,-89.47548866271973,1475.5081084299065,5259.249088747003,2000,128,0.1,0.2,4
65,2026-08-03 09:06:45,2.458465,5198.535101928711,1778.1221865185817,32.69026822822039,1494.0916811205946,5259.249088747003,2000,128,0.1,0.2,4
66,2026-08-03 09:06:48,3.194905,5198.535101928711,1774.6771455573396,18.955313404904132,1503.9692415082607,5259.249088747003,2000,128,0.1,0.2,4
67,2026-08-03 09:06:51,3.059026,5198.535101928711,1737.7604396026281,-77.76380978273542,1561.805817807219,5259.249088747003,2000,128,0.1,0.2,4
68,2026-08-03 09:06:54,3.1588,5198.535101928711,1783.896783188057,-22.65167236328125,1538.4359154798556,5259.249088747003,2000,128,0.1,0.2,4
69,2026-08-03 09:06:57,2.776618,5198.535101928711,1877.4938601936599,-41.527939605712895,1581.0672458671208,5259.249088747003,2000,128,0.1,0.2,4
70,2026-08-03 09:06:59,2.368612,5198.535101928711,1726.2730412149479,-142.2368049621582,1405.411255916048,5259.249088747003,2000,128,0.1,0.2,4
71,2026-08-03 09:07:02,2.563074,5198.535101928711,1826.8586787405839,-42.0534610748291,1443.0135257470433,5259.249088747003,2000,128,0.1,0.2,4
72,2026-08-03 09:07:05,2.524728,5198.535101928711,1894.6936225475567,-12.037308063912903,1519.42373416137,5259.249088747003,2000,128,0.1,0.2,4
73,2026-08-03 09:07:07,2.303922,5206.345267944336,1590.2992997010053,-62.152862548828125,1507.5252143255027,5259.249088747003,2000,128,0.1,0.2,4
74,2026-08-03 09:07:09,2.318597,5528.318393554688,1879.621051890385,-33.612728118896484,1679.988999535429,5528.318393554688,2000,128,0.1,0.2,4
75,2026-08-03 09:07:12,2.709641,5725.098956909179,1979.289681872096,-195.97392082214355,1599.1222780191042,5725.098956909179,2000,128,0.1,0.2,4
76,2026-08-03 09:07:15,2.766693,5725.098956909179,2090.582253704573,-59.624205050261125,1556.6358972333628,5725.098956909179,2000,128,0.1,0.2,4
77,2026-08-03 09:07:17,2.77189,5875.843071289062,2155.0715509202487,32.227166897988724,1658.8591970835844,5875.843071289062,2000,128,0.1,0.2,4
78,2026-08-03 09:07:20,2.437143,5875.843071289062,1980.686042009192,-81.07657368977864,1597.4513072659686,5875.843071289062,2000,128,0.1,0.2,4
79,2026-08-03 09:07:23,3.415336,6370.32539276123,2260.1852061995755,-65.00005722045898,1814.2014258221293,6370.32539276123,2000,128,0.1,0.2,4
80,2026-08-03 09:07:26,2.717458,6370.32539276123,2212.0727166089146,-53.01046371459961,1704.772955576049,6370.32539276123,2000,128,0.1,0.2,4
81,2026-08-03 09:07:29,2.595998,6370.32539276123,2298.9656008210313,-18.597542685431407,1801.5874869917304,6370.32539276123,2000,128,0.1,0.2,4
82,2026-08-03 09:07:31,2.201846,6370.32539276123,1919.4761288663788,-33.53867530822754,1789.3990470749056,6370.32539276123,2000,128,0.1,0.2,4
83,2026-08-03 09:07:33,2.022771,6370.32539276123,1966.5566792527468,-11.494255065917969,1775.5802637879406,6370.32539276123,2000,128,0.1,0.2,4
84,2026-08-03 09:07:35,2.037466,6370.32539276123,1952.488567808995,-31.523561477661133,1791.245748503197,6370.32539276123,2000,128,0.1,0.2,4
85,2026-08-03 09:07:37,2.163824,6370.32539276123,1708.6850590414444,-108.07814598083496,1689.686918155675,6370.32539276123,2000,128,0.1,0.2,4
86,2026-08-03 09:07:40,2.498985,6370.32539276123,2099.251972412454,-31.683254819927797,1827.6783197459397,6370.32539276123,2000,128,0.1,0.2,4
87,2026-08-03 09:07:42,2.531955,6370.32539276123,2138.475537259946,-63.98880952846504,1769.471625124789,6370.32539276123,2000,128,0.1,0.2,4
88,2026-08-03 09:07:44,2.281475,6370.32539276123,1999.8979217414396,-88.73929977416992,1744.2616816441769,6370.32539276123,2000,128,0.1,0.2,4
89,2026-08-03 09:07:47,2.602706,6370.32539276123,2159.9111294869863,-83.76242843041052,1692.8908025446233,6370.32539276123,2000,128,0.1,0.2,4
90,2026-08-03 09:07:49,2.47793,6370.32539276123,1972.6844596829662,-119.63720321655273,1680.2647087576217,6370.32539276123,2000,128,0.1,0.2,4
91,2026-08-03 09:07:52,2.48184,6370.32539276123,2004.7356218670047,-168.40977668762207,1665.4917206214818,6370.32539276123,2000,128,0.1,0.2,4
92,2026-08-03 09:07:54,2.578126,6370.32539276123,2038.3099211820836,-49.26044850409786,1746.5537642263944,6370.32539276123,2000,128,0.1,0.2,4
93,2026-08-03 09:07:57,2.696398,6370.32539276123,2240.56860299,-82.05446033027229,1730.8454312020742,6370.32539276123,2000,128,0.1,0.2,4
94,2026-08-03 09:08:00,2.384995,6370.32539276123,1987.2131308003738,-128.94139289855957,1716.988772342299,6370.32539276123,2000,128,0.1,0.2,4
95,2026-08-03 09:08:02,2.470344,6370.32539276123,1935.8891056081554,-46.727561950683594,1755.1766741734189,6370.32539276123,2000,128,0.1,0.2,4
96,2026-08-03 09:08:04,2.215334,6370.32539276123,1979.319536584622,-50.42414665222168,1701.6748060195025,6370.32539276123,2000,128,0.1,0.2,4
97,2026-08-03 09:08:07,2.443208,6370.32539276123,1996.2222416255747,-109.42044258117676,1726.2184371131195,6370.32539276123,2000,128,0.1,0.2,4
98,2026-08-03 09:08:09,2.366596,6370.32539276123,1990.8400409644532,-109.53216552734375,1742.7729797198053,6370.32539276123,2000,128,0.1,0.2,4
99,2026-08-03 09:08:11,2.40094,6370.32539276123,1892.510708523525,-94.61698532104492,1831.3430826966423,6370.32539276123,2000,128,0.1,0.2,4
100,2026-08-03 09:08:14,2.446603,6370.32539276123,2033.994172501954,-123.36077690124512,1775.7663562764199,6370.32539276123,2000,128,0.1,0.2,4
101,2026-08-03 09:08:16,2.058176,6370.32539276123,1707.4638320707468,-80.11278824236408,1605.6735399557376,6370.32539276123,2000,128,0.1,0.2,4
102,2026-08-03 09:08:18,2.354339,6370.32539276123,1868.3557744731875,-126.92742347717285,1713.3858834912858,6370.32539276123,2000,128,0.1,0.2,4
103,2026-08-03 09:08:21,2.522402,6370.32539276123,2151.669809801152,-24.073362350463867,1693.5081318732944,6370.32539276123,2000,128,0.1,0.2,4
104,2026-08-03 09:08:23,2.652787,6370.32539276123,2272.708760291844,-97.89896011352539,1838.1132521499876,6370.32539276123,2000,128,0.1,0.2,4
105,2026-08-03 09:08:26,2.212226,6370.32539276123,1809.6670000144882,-61.981773376464844,1670.5969074720865,6370.32539276123,2000,128,0.1,0.2,4
106,2026-08-03 09:08:29,3.129652,6370.32539276123,2144.68358525188,14.826926697779754,1667.7607582180312,6370.32539276123,2000,128,0.1,0.2,4
107,2026-08-03 09:08:32,3.347599,6370.32539276123,1958.3687457020758,-41.77203178405762,1756.0584512190026,6370.32539276123,2000,128,0.1,0.2,4
108,2026-08-03 09:08:35,3.305366,6370.32539276123,2044.7587530625929,-102.20179557800293,1729.6718044965892,6370.32539276123,2000,128,0.1,0.2,4
109,2026-08-03 09:08:39,3.130128,6370.32539276123,2215.8791899977014,-42.41170883178711,1821.6825703885463,6370.32539276123,2000,128,0.1,0.2,4
110,2026-08-03 09:08:41,2.72332,6370.32539276123,2452.785388953859,-65.78512585681418,1819.1490389673843,6370.32539276123,2000,128,0.1,0.2,4
111,2026-08-03 09:08:44,2.877034,6370.32539276123,2153.315268157772,-34.82542037963867,1702.6551791364277,6370.32539276123,2000,128,0.1,0.2,4
112,2026-08-03 09:08:47,2.541491,6370.32539276123,2385.8765938746874,-30.72686195373535,1747.3866793829884,6370.32539276123,2000,128,0.1,0.2,4
113,2026-08-03 09:08:49,2.564563,6370.32539276123,2230.950481034964,-74.58254079709108,1745.6399682954973,6370.32539276123,2000,128,0.1,0.2,4
114,2026-08-03 09:08:52,2.56313,6370.32539276123,2104.406884841242,1.8788657317290358,1830.3472441432664,6370.32539276123,2000,128,0.1,0.2,4
115,2026-08-03 09:08:54,2.549464,6370.32539276123,2443.6364436601643,-89.70532417297363,1878.5631055275915,6370.32539276123,2000,128,0.1,0.2,4
116,2026-08-03 09:08:57,2.15357,6370.32539276123,2130.347333619262,17.205015902487645,1924.008072646779,6370.32539276123,2000,128,0.1,0.2,4
117,2026-08-03 09:08:59,2.255414,6370.32539276123,2144.8790781747575,-9.97556621192868,1812.6592435412701,6370.32539276123,2000,128,0.1,0.2,4
118,2026-08-03 09:09:01,2.212956,6370.32539276123,1951.8922220405086,-59.828996658325195,1787.8621510225619,6370.32539276123,2000,128,0.1,0.2,4
119,2026-08-03 09:09:03,2.263497,6370.32539276123,2113.339398440788,-24.738165283203116,1731.7999988927656,6370.32539276123,2000,128,0.1,0.2,4
120,2026-08-03 09:09:06,2.413604,6370.32539276123,2091.687353497783,-16.714096069335938,1856.5199610164404,6370.32539276123,2000,128,0.1,0.2,4
121,2026-08-03 09:09:08,2.026512,6370.32539276123,1887.615419219084,-148.0384349822998,1830.512762061033,6370.32539276123,2000,128,0.1,0.2,4
122,2026-08-03 09:09:10,2.28111,6370.32539276123,2133.3183924139444,-75.1624058617486,1848.7592488351124,6370.32539276123,2000,128,0.1,0.2,4
123,2026-08-03 09:09:13,2.541673,6370.32539276123,2310.9185124569944,-86.74672855420059,1896.404419946957,6370.32539276123,2000,128,0.1,0.2,4
124,2026-08-03 09:09:15,2.313634,6370.32539276123,2155.3023105186057,-73.54246395737377,1861.085830654483,6370.32539276123,2000,128,0.1,0.2,4
125,2026-08-03 09:09:18,2.587431,6370.32539276123,2368.959561985237,-26.509852042564972,2008.8396560727479,6370.32539276123,2000,128,0.1,0.2,4
126,2026-08-03 09:09:20,2.263499,6370.32539276123,2156.293531455372,-53.2496452331543,1827.3528209653682,6370.32539276123,2000,128,0.1,0.2,4
127,2026-08-03 09:09:22,2.549815,6370.32539276123,2274.8339685748624,-25.05779266357422,1723.3254899546155,6370.32539276123,2000,128,0.1,0.2,4
128,2026-08-03 09:09:25,2.614945,6370.32539276123,2393.478013622893,-5.884742736816406,1842.7735106373518,6370.32539276123,2000,128,0.1,0.2,4
129,2026-08-03 09:09:27,2.527973,6370.32539276123,2481.7176954681163,-63.33270072937012,1827.019650956472,6370.32539276123,2000,128,0.1,0.2,4
130,2026-08-03 09:09:30,2.317908,6370.32539276123,2268.7248032653056,-49.35047626495361,1886.8774270854933,6370.32539276123,2000,128,0.1,0.2,4
131,2026-08-03 09:09:33,2.876389,6370.32539276123,2532.3622537767355,-60.97941625685919,1728.075493443062,6370.32539276123,2000,128,0.1,0.2,4
132,2026-08-03 09:09:35,2.453354,6370.32539276123,1925.529219442422,-39.70493781260955,1760.5570593864202,6370.32539276123,2000,128,0.1,0.2,4
133,2026-08-03 09:09:38,2.608725,6370.32539276123,2254.211729642184,-53.68090388649389,1818.6466925427785,6370.32539276123,2000,128,0.1,0.2,4
134,2026-08-03 09:09:40,2.45291,6370.32539276123,2271.0941784756437,-11.958646774291992,1814.2941977121284,6370.32539276123,2000,128,0.1,0.2,4
135,2026-08-03 09:09:42,2.050957,6370.32539276123,1926.3284152864826,-79.92386817932129,1749.7160611889833,6370.32539276123,2000,128,0.1,0.2,4
136,2026-08-03 09:09:44,2.240796,6370.32539276123,2027.9478789210937,-215.46096801757812,1892.073777746622,6370.32539276123,2000,128,0.1,0.2,4
137,2026-08-03 09:09:47,2.459335,6370.32539276123,2364.50435847831,-166.64466857910156,1920.052311538714,6370.32539276123,2000,128,0.1,0.2,4
138,2026-08-03 09:09:49,2.489505,6370.32539276123,2185.8949558481445,-27.374601364135742,1783.8080389687368,6370.32539276123,2000,128,0.1,0.2,4
139,2026-08-03 09:09:52,2.300328,6370.32539276123,2000.471924974348,-39.38755989074707,1767.4708042465156,6370.32539276123,2000,128,0.1,0.2,4
140,2026-08-03 09:09:54,2.634102,6370.32539276123,2261.661625052352,-93.17569732666016,1738.637132488311,6370.32539276123,2000,128,0.1,0.2,4
141,2026-08-03 09:09:57,2.413379,6370.32539276123,2271.8054965487318,-13.176870346069336,1768.382853903133,6370.32539276123,2000,128,0.1,0.2,4
142,2026-08-03 09:09:59,2.586587,6370.32539276123,2322.8429828749568,-69.48791417208585,1840.007876060501,6370.32539276123,2000,128,0.1,0.2,4
143,2026-08-03 09:10:02,2.168803,6370.32539276123,1926.48207034322,-13.428781827290848,1701.7626564403124,6370.32539276123,2000,128,0.1,0.2,4
144,2026-08-03 09:10:04,2.449733,6370.32539276123,2318.4644774233134,-10.139274597167969,1886.4500478871491,6370.32539276123,2000,128,0.1,0.2,4
145,2026-08-03 09:10:07,2.559606,6370.32539276123,2404.3385528548074,-33.97316932678223,1892.8037520406003,6370.32539276123,2000,128,0.1,0.2,4
146,2026-08-03 09:10:09,2.420802,6370.32539276123,2239.1554106748877,-56.789493560791016,1930.6325697645084,6370.32539276123,2000,128,0.1,0.2,4
147,2026-08-03 09:10:11,2.400495,6370.32539276123,2307.8094263062335,-20.596742630004883,1910.8398612807737,6370.32539276123,2000,128,0.1,0.2,4
148,2026-08-03 09:10:14,2.129038,6380.471768188476,2040.6317837835502,-33.63744462286675,1871.0205312615026,6380.471768188476,2000,128,0.1,0.2,4
149,2026-08-03 09:10:16,2.499828,6380.471768188476,2231.6279192152597,-6.768465042114258,1873.3245409599806,6380.471768188476,2000,128,0.1,0.2,4
150,2026-08-03 09:10:18,2.412664,6380.471768188476,2038.3311240230723,-61.45048141479492,1702.308067518911,6380.471768188476,2000,128,0.1,0.2,4
151,2026-08-03 09:10:21,2.59977,6380.471768188476,2358.4672812694,-14.737290032475968,1879.444470136757,6380.471768188476,2000,128,0.1,0.2,4
152,2026-08-03 09:10:24,2.573289,6380.471768188476,2287.7609824915494,-53.04226230930637,1920.8951754608013,6380.471768188476,2000,128,0.1,0.2,4
153,2026-08-03 09:10:26,2.398152,6380.471768188476,2196.6733047436264,-134.63220596313477,1848.4336477990805,6380.471768188476,2000,128,0.1,0.2,4
154,2026-08-03 09:10:28,2.299579,6380.471768188476,2012.2013871220008,-19.833660125732422,1778.1404240014404,6380.471768188476,2000,128,0.1,0.2,4
155,2026-08-03 09:10:31,2.406374,6380.471768188476,2147.258356790836,-165.736722946167,1860.1870532320056,6380.471768188476,2000,128,0.1,0.2,4
156,2026-08-03 09:10:33,2.743089,6380.471768188476,2295.6166447717424,41.41347548540901,1851.0318461542377,6380.471768188476,2000,128,0.1,0.2,4
157,2026-08-03 09:10:36,2.662887,6380.471768188476,2472.065297679464,9.459042521885465,1892.6403342570761,6380.471768188476,2000,128,0.1,0.2,4
158,2026-08-03 09:10:38,2.297189,6380.471768188476,2140.5747507447136,-78.98564338684082,1931.40384405187,6380.471768188476,2000,128,0.1,0.2,4
159,2026-08-03 09:10:41,2.664766,6380.471768188476,2415.0233006101057,-67.36898422241211,1822.7559129459994,6380.471768188476,2000,128,0.1,0.2,4
160,2026-08-03 09:10:43,2.345165,6380.471768188476,2043.1245952214413,-26.67925802327818,1796.80351899409,6380.471768188476,2000,128,0.1,0.2,4
161,2026-08-03 09:10:46,2.483558,6380.471768188476,2270.447931404626,-75.61945915222168,1952.2674444364245,6380.471768188476,2000,128,0.1,0.2,4
162,2026-08-03 09:10:48,2.305966,6380.471768188476,2172.2582971106626,-30.840253829956055,1884.1561053193916,6380.471768188476,2000,128,0.1,0.2,4
163,2026-08-03 09:10:51,2.716335,6380.471768188476,2639.2194278114393,-83.1942081451416,1972.7441122452415,6380.471768188476,2000,128,0.1,0.2,4
164,2026-08-03 09:10:54,2.561727,6380.471768188476,2459.851699042608,-53.492904800966556,1906.0347110681141,6380.471768188476,2000,128,0.1,0.2,4
165,2026-08-03 09:10:56,2.407317,6380.471768188476,2262.7769333410565,-57.95172313715788,1980.005348374349,6380.471768188476,2000,128,0.1,0.2,4
166,2026-08-03 09:10:58,2.177916,6380.471768188476,2066.041281003285,-56.53573381139877,1965.4684095002954,6380.471768188476,2000,128,0.1,0.2,4
167,2026-08-03 09:11:01,2.674973,6380.471768188476,2573.125678470575,-9.573083605085102,1937.98965451573,6380.471768188476,2000,128,0.1,0.2,4
168,2026-08-03 09:11:03,2.431785,6634.2736779785155,2343.0316213200276,-9.681613319798515,1996.0181784954673,6634.2736779785155,2000,128,0.1,0.2,4
169,2026-08-03 09:11:06,2.751313,6634.2736779785155,2572.005206450694,-62.70969351829841,1982.5169885121,6634.2736779785155,2000,128,0.1,0.2,4
170,2026-08-03 09:11:08,2.494331,6634.2736779785155,2226.7529924499727,-90.2134895324707,1942.8704779566854,6634.2736779785155,2000,128,0.1,0.2,4
171,2026-08-03 09:11:11,2.707336,6634.2736779785155,2421.894775674859,-140.51718711853027,1862.6187301070804,6634.2736779785155,2000,128,0.1,0.2,4
172,2026-08-03 09:11:14,2.721337,6634.2736779785155,2348.3741612167014,-210.64963340759277,1839.7502458748047,6634.2736779785155,2000,128,0.1,0.2,4
173,2026-08-03 09:11:17,2.651684,6634.2736779785155,2323.4302890594345,-47.30816030502319,1821.4716996695242,6634.2736779785155,2000,128,0.1,0.2,4
174,2026-08-03 09:11:19,2.437687,6634.2736779785155,2245.8373552257817,-116.131591796875,1957.3309548099219,6634.2736779785155,2000,128,0.1,0.2,4
175,2026-08-03 09:11:21,2.366525,6634.2736779785155,2147.521983648478,-41.322949238312546,1905.2648792576663,6634.2736779785155,2000,128,0.1,0.2,4
176,2026-08-03 09:11:24,2.473072,6634.2736779785155,2123.816813566209,-37.57809187776299,1878.364413465679,6634.2736779785155,2000,128,0.1,0.2,4
177,2026-08-03 09:11:26,2.199986,6634.2736779785155,1796.2259137106764,-98.03619384765625,1786.8982955380784,6634.2736779785155,2000,128,0.1,0.2,4
178,2026-08-03 09:11:29,2.648644,6634.2736779785155,2250.541612627728,-156.3180923461914,1847.5285072605873,6634.2736779785155,2000,128,0.1,0.2,4
179,2026-08-03 09:11:31,2.353724,6634.2736779785155,2132.4289496016972,-51.14169120788574,1897.4210775514173,6634.2736779785155,2000,128,0.1,0.2,4
180,2026-08-03 09:11:33,2.397608,6634.2736779785155,2106.1771227990093,-82.06497392536681,1798.202776106303,6634.2736779785155,2000,128,0.1,0.2,4
181,2026-08-03 09:11:36,2.470077,6634.2736779785155,2182.329291491993,-167.80428886413574,1894.498249688168,6634.2736779785155,2000,128,0.1,0.2,4
182,2026-08-03 09:11:38,2.399395,6634.2736779785155,2032.9233332288597,-44.1561222076416,1851.1982131167485,6634.2736779785155,2000,128,0.1,0.2,4
183,2026-08-03 09:11:41,2.420549,6634.2736779785155,2207.7410328470633,57.21692519459296,1850.176663889198,6634.2736779785155,2000,128,0.1,0.2,4
184,2026-08-03 09:11:43,2.66481,6634.2736779785155,2205.36051492673,-220.24168968200684,1865.284825258791,6634.2736779785155,2000,128,0.1,0.2,4
185,2026-08-03 09:11:46,2.306443,6634.2736779785155,2001.771626132026,-48.006322680140386,1854.7392076247386,6634.2736779785155,2000,128,0.1,0.2,4
186,2026-08-03 09:11:48,2.577975,6634.2736779785155,2391.0059516935926,79.75784833503491,1899.5132189271105,6634.2736779785155,2000,128,0.1,0.2,4
187,2026-08-03 09:11:50,2.200163,6634.2736779785155,1936.0845477445152,-121.95053100585938,1850.1545501344895,6634.2736779785155,2000,128,0.1,0.2,4
188,2026-08-03 09:11:53,2.195708,6634.2736779785155,1956.8918626117284,-101.26419067382812,1841.0929719780054,6634.2736779785155,2000,128,0.1,0.2,4
189,2026-08-03 09:11:55,2.69857,6634.2736779785155,2329.885474812957,-36.33387053640265,1878.1173874989818,6634.2736779785155,2000,128,0.1,0.2,4
190,2026-08-03 09:11:58,2.21181,6634.2736779785155,2128.775252825923,-81.42557144165039,1905.9338463954107,6634.2736779785155,2000,128,0.1,0.2,4
191,2026-08-03 09:12:00,2.481881,6634.2736779785155,2249.587356867684,-18.85610437941277,1768.3971154622038,6634.2736779785155,2000,128,0.1,0.2,4
192,2026-08-03 09:12:02,2.363527,6634.2736779785155,2080.6262438850986,-49.877343611283735,1771.6867180879442,6634.2736779785155,2000,128,0.1,0.2,4
193,2026-08-03 09:12:05,2.356947,6634.2736779785155,1932.9409363507214,-20.309808590268133,1652.918910379464,6634.2736779785155,2000,128,0.1,0.2,4
194,2026-08-03 09:12:07,2.239537,6634.2736779785155,1925.0873967368734,-48.320627212524414,1754.5951513485816,6634.2736779785155,2000,128,0.1,0.2,4
195,2026-08-03 09:12:09,2.326192,6634.2736779785155,2030.8067895735658,-5.679026813041872,1839.509565178199,6634.2736779785155,2000,128,0.1,0.2,4
196,2026-08-03 09:12:12,2.372847,6634.2736779785155,2116.322623122725,-34.30893535855451,1801.0890675671806,6634.2736779785155,2000,128,0.1,0.2,4
197,2026-08-03 09:12:14,2.23071,6634.2736779785155,1934.1252343623155,-3.487730026245117,1805.4110688304693,6634.2736779785155,2000,128,0.1,0.2,4
198,2026-08-03 09:12:16,2.451198,6634.2736779785155,2250.2391260749273,-37.40429878234863,1834.8424251370077,6634.2736779785155,2000,128,0.1,0.2,4
199,2026-08-03 09:12:19,2.343673,6634.2736779785155,2097.5450549243337,-139.61563110351562,1878.4791967653255,6634.2736779785155,2000,128,0.1,0.2,4
200,2026-08-03 09:12:21,2.34566,6634.2736779785155,2100.2368554678505,-70.18313407897949,1899.082020250997,6634.2736779785155,2000,128,0.1,0.2,4
201,2026-08-03 09:12:24,2.406544,6634.2736779785155,2115.209980176422,-155.96036911010742,1826.737156906192,6634.2736779785155,2000,128,0.1,0.2,4
202,2026-08-03 09:12:26,2.224605,6634.2736779785155,1834.8460542539833,-86.03887557983398,1820.1093280566847,6634.2736779785155,2000,128,0.1,0.2,4
203,2026-08-03 09:12:28,2.466146,6634.2736779785155,2077.69917970367,-59.768009185791016,1748.9013292629043,6634.2736779785155,2000,128,0.1,0.2,4
204,2026-08-03 09:12:31,2.749109,6634.2736779785155,2295.451525978723,-4.005193710327148,1794.6537261017745,6634.2736779785155,2000,128,0.1,0.2,4
205,2026-08-03 09:12:33,2.266931,6634.2736779785155,1908.2939701349706,-108.48255157470703,1784.2531472413336,6634.2736779785155,2000,128,0.1,0.2,4
206,2026-08-03 09:12:35,2.24018,6634.2736779785155,2000.3859624793008,-56.005048751831055,1845.2949433673093,6634.2736779785155,2000,128,0.1,0.2,4
207,2026-08-03 09:12:38,2.270215,6634.2736779785155,1859.3955348629888,-207.48863220214844,1797.8742224683908,6634.2736779785155,2000,128,0.1,0.2,4
208,2026-08-03 09:12:40,2.546625,6634.2736779785155,2288.1857138754567,-76.68356895446777,1821.1124450879774,6634.2736779785155,2000,128,0.1,0.2,4
209,2026-08-03 09:12:43,2.445173,6634.2736779785155,2208.659630402235,-49.00946617126465,1761.1556070701533,6634.2736779785155,2000,128,0.1,0.2,4
210,2026-08-03 09:12:45,2.518837,6634.2736779785155,2133.2216959451544,-197.57914543151855,1790.3275817247243,6634.2736779785155,2000,128,0.1,0.2,4
211,2026-08-03 09:12:48,2.458283,6634.2736779785155,2175.844529381442,-105.15375137329102,1860.6520328709603,6634.2736779785155,2000,128,0.1,0.2,4
212,2026-08-03 09:12:50,2.399007,6634.2736779785155,2125.7148176894993,-53.002119064331055,1879.919174974122,6634.2736779785155,2000,128,0.1,0.2,4
213,2026-08-03 09:12:52,2.332664,6634.2736779785155,2053.1940023722645,-128.91478538513184,1817.5848140486262,6634.2736779785155,2000,128,0.1,0.2,4
214,2026-08-03 09:12:54,2.038131,6634.2736779785155,1708.8260648704722,-31.841669911923617,1676.33946997412,6634.2736779785155,2000,128,0.1,0.2,4
215,2026-08-03 09:12:57,2.346869,6634.2736779785155,1888.1434969959832,-61.656404421167466,1697.495429063867,6634.2736779785155,2000,128,0.1,0.2,4
216,2026-08-03 09:13:00,2.670255,6634.2736779785155,2271.8167323828843,-273.60544204711914,1752.0494418890169,6634.2736779785155,2000,128,0.1,0.2,4
217,2026-08-03 09:13:02,2.458374,6634.2736779785155,2351.5815398751606,-73.13085873921712,1930.361517749627,6634.2736779785155,2000,128,0.1,0.2,4
218,2026-08-03 09:13:04,2.406196,6634.2736779785155,2250.9425275701565,-68.68184394024789,1857.8868550760287,6634.2736779785155,2000,128,0.1,0.2,4
219,2026-08-03 09:13:07,2.422319,6634.2736779785155,2334.3204656659286,-76.00245475769043,1949.7870327511325,6634.2736779785155,2000,128,0.1,0.2,4
220,2026-08-03 09:13:09,2.266102,6634.2736779785155,2117.010588429886,-46.112632751464844,1866.672172905881,6634.2736779785155,2000,128,0.1,0.2,4
221,2026-08-03 09:13:12,2.508474,6634.2736779785155,2333.3563055275554,-80.37209510803223,1879.6374081080494,6634.2736779785155,2000,128,0.1,0.2,4
222,2026-08-03 09:13:14,2.211025,6634.2736779785155,2006.3343667887996,-96.24204635620117,1792.5665577542973,6634.2736779785155,2000,128,0.1,0.2,4
223,2026-08-03 09:13:16,2.431421,6634.2736779785155,2276.8696968467366,-59.696616344764585,1926.8067191542466,6634.2736779785155,2000,128,0.1,0.2,4
224,2026-08-03 09:13:19,2.447841,6634.2736779785155,2252.6112632201566,-94.87810134887695,1941.9617369670318,6634.2736779785155,2000,128,0.1,0.2,4
225,2026-08-03 09:13:21,2.400109,6634.2736779785155,2319.572440541619,-64.94105675641228,1918.3055501996826,6634.2736779785155,2000,128,0.1,0.2,4
226,2026-08-03 09:13:24,2.5727,6634.2736779785155,2392.758891411434,-108.7282657623291,1919.6242218161879,6634.2736779785155,2000,128,0.1,0.2,4
227,2026-08-03 09:13:26,2.337806,6634.2736779785155,2114.053803831839,-91.38455390930176,1857.4048163808052,6634.2736779785155,2000,128,0.1,0.2,4
228,2026-08-03 09:13:28,2.436184,6634.2736779785155,2118.1769592450537,-58.79784100676236,1766.2583778273722,6634.2736779785155,2000,128,0.1,0.2,4
229,2026-08-03 09:13:30,2.02882,6634.2736779785155,1919.426033197642,-224.58648681640625,1830.0267704656462,6634.2736779785155,2000,128,0.1,0.2,4
230,2026-08-03 09:13:33,2.177702,6634.2736779785155,1920.2012807929013,-120.57042121887207,1827.7553219878491,6634.2736779785155,2000,128,0.1,0.2,4
231,2026-08-03 09:13:35,2.439786,6634.2736779785155,2176.270666161325,-106.37831687927246,1873.894643295806,6634.2736779785155,2000,128,0.1,0.2,4
232,2026-08-03 09:13:37,1.920031,6634.2736779785155,1690.8115209598348,-187.80832290649414,1759.953198388154,6634.2736779785155,2000,128,0.1,0.2,4
233,2026-08-03 09:13:39,2.159501,6634.2736779785155,2047.1488656348645,-35.30697822570801,1869.3499340738156,6634.2736779785155,2000,128,0.1,0.2,4
234,2026-08-03 09:13:41,2.237494,6634.2736779785155,2008.6476409237928,-38.33833554585775,1833.4864406321994,6634.2736779785155,2000,128,0.1,0.2,4
235,2026-08-03 09:13:43,2.016478,6634.2736779785155,1877.1718999009092,-57.44518314499452,1887.8065334282026,6634.2736779785155,2000,128,0.1,0.2,4
236,2026-08-03 09:13:45,2.06034,6634.2736779785155,1782.433410602373,-81.0394210200156,1761.3860409856964,6634.2736779785155,2000,128,0.1,0.2,4
237,2026-08-03 09:13:48,2.157361,6634.2736779785155,1870.6031298796188,-40.36410013834635,1845.185908246314,6634.2736779785155,2000,128,0.1,0.2,4
238,2026-08-03 09:13:50,2.275873,6634.2736779785155,2063.3130685611904,-232.8652858734131,1855.6193179957577,6634.2736779785155,2000,128,0.1,0.2,4
239,2026-08-03 09:13:52,2.272173,6634.2736779785155,2015.3433546964663,-90.13957977294922,1831.0182741392862,6634.2736779785155,2000,128,0.1,0.2,4
240,2026-08-03 09:13:55,2.648983,6634.2736779785155,2415.070243015742,51.40775238595356,1804.6826833319192,6634.2736779785155,2000,128,0.1,0.2,4
241,2026-08-03 09:13:57,2.243058,6634.2736779785155,2032.9367925042172,-103.01151275634766,1911.0734580008982,6634.2736779785155,2000,128,0.1,0.2,4
242,2026-08-03 09:13:59,2.316806,6634.2736779785155,2134.538207347511,-149.35507774353027,1841.3938790431546,6634.2736779785155,2000,128,0.1,0.2,4
243,2026-08-03 09:14:02,2.478297,6634.2736779785155,2241.4857089623497,-57.37714767456055,1791.7170618351304,6634.2736779785155,2000,128,0.1,0.2,4
244,2026-08-03 09:14:04,2.428743,6634.2736779785155,2298.8203574549393,-225.8045196533203,1937.7880408709489,6634.2736779785155,2000,128,0.1,0.2,4
245,2026-08-03 09:14:07,2.216279,6634.2736779785155,2056.8469384089244,-113.14139366149902,1867.0966401686978,6634.2736779785155,2000,128,0.1,0.2,4
246,2026-08-03 09:14:09,2.196227,6634.2736779785155,2056.0202942829364,-61.39020919799805,1863.1563781961981,6634.2736779785155,2000,128,0.1,0.2,4
247,2026-08-03 09:14:11,2.275241,6634.2736779785155,2105.0267674095076,-32.436227798461914,1815.9802036345552,6634.2736779785155,2000,128,0.1,0.2,4
248,2026-08-03 09:14:13,2.257781,6634.2736779785155,1905.7606757594333,-208.40575695037842,1713.6871688522976,6634.2736779785155,2000,128,0.1,0.2,4
249,2026-08-03 09:14:16,2.311459,6634.2736779785155,2066.82910062641,-109.54933166503906,1785.4785756005397,6634.2736779785155,2000,128,0.1,0.2,4
250,2026-08-03 09:14:18,2.05815,6634.2736779785155,1950.834126554044,-53.984785079956055,1854.2208532472916,6634.2736779785155,2000,128,0.1,0.2,4
251,2026-08-03 09:14:20,2.215407,6634.2736779785155,2151.0954485919674,-28.06687355041504,1837.5097584390517,6634.2736779785155,2000,128,0.1,0.2,4
252,2026-08-03 09:14:22,2.212478,6634.2736779785155,2174.173295687327,-133.49461555480957,1884.7294452877775,6634.2736779785155,2000,128,0.1,0.2,4
253,2026-08-03 09:14:24,2.175989,6634.2736779785155,2026.2011081663793,-84.18774604797363,1864.4601499848034,6634.2736779785155,2000,128,0.1,0.2,4
254,2026-08-03 09:14:26,2.090828,6634.2736779785155,1893.3314624424831,-128.02844047546387,1808.014429784811,6634.2736779785155,2000,128,0.1,0.2,4
255,2026-08-03 09:14:29,2.414058,6634.2736779785155,2110.762918803861,-57.22129603466355,1748.8199167515334,6634.2736779785155,2000,128,0.1,0.2,4
256,2026-08-03 09:14:31,2.086128,6634.2736779785155,1884.425602813458,-99.35146247016058,1880.1030435959776,6634.2736779785155,2000,128,0.1,0.2,4
257,2026-08-03 09:14:33,2.231125,6634.2736779785155,2018.2517275000378,-58.47875704530809,1898.3917938126199,6634.2736779785155,2000,128,0.1,0.2,4
258,2026-08-03 09:14:36,2.497253,6634.2736779785155,2171.4440617976065,-34.92200442722866,1814.9947725008956,6634.2736779785155,2000,128,0.1,0.2,4
259,2026-08-03 09:14:38,2.259575,6634.2736779785155,1997.0446994659524,-43.88747215270996,1784.5787646456736,6634.2736779785155,2000,128,0.1,0.2,4
260,2026-08-03 09:14:40,2.17257,6634.2736779785155,1984.373645594464,-32.750558853149414,1816.5774198855815,6634.2736779785155,2000,128,0.1,0.2,4
261,2026-08-03 09:14:42,2.309459,6634.2736779785155,2059.84823770365,-10.487222671508789,1783.6757452014972,6634.2736779785155,2000,128,0.1,0.2,4
262,2026-08-03 09:14:44,2.18895,6634.2736779785155,1983.938737917819,-40.71817398071289,1868.8098499651114,6634.2736779785155,2000,128,0.1,0.2,4
263,2026-08-03 09:14:47,2.251979,6634.2736779785155,2091.551588207206,-118.67012977600098,1977.4988065701789,6634.2736779785155,2000,128,0.1,0.2,4
264,2026-08-03 09:14:49,1.96065,6634.2736779785155,1810.2278460978146,-108.81514549255371,1848.352544607941,6634.2736779785155,2000,128,0.1,0.2,4
265,2026-08-03 09:14:51,2.300594,6634.2736779785155,2070.4481197019286,-81.08706474304199,1749.0752762375528,6634.2736779785155,2000,128,0.1,0.2,4
266,2026-08-03 09:14:53,2.084891,6634.2736779785155,1911.6762524167634,-67.27766990661621,1822.1835995349857,6634.2736779785155,2000,128,0.1,0.2,4
267,2026-08-03 09:14:56,2.47871,6634.2736779785155,2360.7002899921144,-24.763499800510672,1828.8581693636056,6634.2736779785155,2000,128,0.1,0.2,4
268,2026-08-03 09:14:58,2.55262,6634.2736779785155,2485.75357787174,-82.96426502274878,1937.9371778336722,6634.2736779785155,2000,128,0.1,0.2,4
269,2026-08-03 09:15:00,2.277174,6634.2736779785155,2219.6898579130825,-71.48747444152832,1901.0208580541569,6634.2736779785155,2000,128,0.1,0.2,4
270,2026-08-03 09:15:03,2.36644,6634.2736779785155,2278.7475610486617,-116.76111221313477,1905.3112353532333,6634.2736779785155,2000,128,0.1,0.2,4
271,2026-08-03 09:15:05,2.142284,6634.2736779785155,2141.8494790231825,-63.519906997680664,1886.3759890477825,6634.2736779785155,2000,128,0.1,0.2,4
272,2026-08-03 09:15:07,2.280783,6634.2736779785155,2146.464967973748,-57.71100186287089,1828.0737570962087,6634.2736779785155,2000,128,0.1,0.2,4
273,2026-08-03 09:15:10,2.355561,6634.2736779785155,2250.098786360971,-132.25016593933105,1850.7460566597454,6634.2736779785155,2000,128,0.1,0.2,4
274,2026-08-03 09:15:12,2.198538,6634.2736779785155,1954.4912963901536,-82.19380378723145,1753.5998158043938,6634.2736779785155,2000,128,0.1,0.2,4
275,2026-08-03 09:15:14,2.469877,6634.2736779785155,2239.5580749102564,-71.80105845133464,1817.8831888903037,6634.2736779785155,2000,128,0.1,0.2,4
276,2026-08-03 09:15:16,2.156052,6637.254334716797,1995.1260385334817,-117.20280647277832,1924.36435875673,6637.254334716797,2000,128,0.1,0.2,4
277,2026-08-03 09:15:19,2.19253,6637.254334716797,2092.076136478681,-63.146166483561196,1914.206642246767,6637.254334716797,2000,128,0.1,0.2,4
278,2026-08-03 09:15:20,1.921584,6637.254334716797,1794.7435448651713,-118.4816837310791,1778.745322455937,6637.254334716797,2000,128,0.1,0.2,4
279,2026-08-03 09:15:23,2.100595,6637.254334716797,1925.486014453331,-1.3402462005615234,1847.4354141450438,6637.254334716797,2000,128,0.1,0.2,4
280,2026-08-03 09:15:25,2.081521,6637.254334716797,1896.3557964931492,-3.302612865672387,1793.7076050002045,6637.254334716797,2000,128,0.1,0.2,4
281,2026-08-03 09:15:27,2.193532,6637.254334716797,1960.2896143687826,-134.19313430786133,1835.8620621588045,6637.254334716797,2000,128,0.1,0.2,4
282,2026-08-03 09:15:29,2.458751,6637.254334716797,2342.1260943758334,-93.03488731384277,1859.3286940063747,6637.254334716797,2000,128,0.1,0.2,4
283,2026-08-03 09:15:31,2.112487,6637.254334716797,2019.7112720798827,-146.64959907531738,1973.0843922066097,6637.254334716797,2000,128,0.1,0.2,4
284,2026-08-03 09:15:34,2.150841,6637.254334716797,1979.222200067524,-88.07668444315593,1991.3645306415197,6637.254334716797,2000,128,0.1,0.2,4
285,2026-08-03 09:15:36,2.001387,6637.254334716797,1848.5203806029704,-104.38103675842285,1911.5722478380076,6637.254334716797,2000,128,0.1,0.2,4
286,2026-08-03 09:15:38,2.170176,6637.254334716797,2031.1380537844307,-97.06735610961914,1902.9396772677774,6637.254334716797,2000,128,0.1,0.2,4
287,2026-08-03 09:15:40,2.268821,6637.254334716797,2287.4423353351563,-176.59263610839844,1936.9131094886352,6637.254334716797,2000,128,0.1,0.2,4
288,2026-08-03 09:15:42,2.203865,6637.254334716797,2198.96119746611,-136.82408332824707,1975.672970860693,6637.254334716797,2000,128,0.1,0.2,4
289,2026-08-03 09:15:44,2.12732,6637.254334716797,2036.5701240178762,-48.821699340622146,1879.2286360549017,6637.254334716797,2000,128,0.1,0.2,4
290,2026-08-03 09:15:47,2.335851,6637.254334716797,2244.2578117341186,-100.16450881958008,1902.6900954813336,6637.254334716797,2000,128,0.1,0.2,4
291,2026-08-03 09:15:49,2.224032,6637.254334716797,2250.8417872154446,-85.7917308807373,1964.5871022445658,6637.254334716797,2000,128,0.1,0.2,4
292,2026-08-03 09:15:51,2.312133,6637.254334716797,2305.8334456934085,-166.9872760772705,1919.945679050448,6637.254334716797,2000,128,0.1,0.2,4
293,2026-08-03 09:15:53,2.050375,6637.254334716797,1979.649183247812,-44.41051483154297,1890.9177281449781,6637.254334716797,2000,128,0.1,0.2,4
294,2026-08-03 09:15:55,2.057441,6637.254334716797,2085.08361056518,-108.80374908447266,2014.0679169300363,6637.254334716797,2000,128,0.1,0.2,4
295,2026-08-03 09:15:57,2.041723,6637.254334716797,2012.4961436147112,-172.11356163024902,1922.4078633259485,6637.254334716797,2000,128,0.1,0.2,4
296,2026-08-03 09:16:00,2.177301,6637.254334716797,2037.351622541327,-108.38146209716797,1841.5798728922593,6637.254334716797,2000,128,0.1,0.2,4
297,2026-08-03 09:16:02,2.079084,6637.254334716797,2013.8396995129976,-73.39873313903809,1887.350412087398,6637.254334716797,2000,128,0.1,0.2,4
298,2026-08-03 09:16:04,2.152482,6637.254334716797,1995.390030050313,-79.36038970947266,1866.2142890057364,6637.254334716797,2000,128,0.1,0.2,4
299,2026-08-03 09:16:06,2.284515,6637.254334716797,2188.362233850793,-105.21759986877441,1801.2130345802605,6637.254334716797,2000,128,0.1,0.2,4
300,2026-08-03 09:16:08,2.283158,6637.254334716797,2046.3637860331755,-120.33829689025879,1813.8949982331296,6637.254334716797,2000,128,0.1,0.2,4
301,2026-08-03 09:16:10,2.005344,6637.254334716797,1918.5658850084606,-103.65610122680664,1907.2592992207897,6637.254334716797,2000,128,0.1,0.2,4
302,2026-08-03 09:16:13,2.199912,6637.254334716797,2260.6403618820386,-124.08862113952637,2006.814616900216,6637.254334716797,2000,128,0.1,0.2,4
303,2026-08-03 09:16:14,1.862335,6637.254334716797,1977.6515332368149,-85.58707237243652,1967.364927001804,6637.254334716797,2000,128,0.1,0.2,4
304,2026-08-03 09:16:16,1.885867,6637.254334716797,1887.7891136904768,-38.0687973991273,1897.5904761950057,6637.254334716797,2000,128,0.1,0.2,4
305,2026-08-03 09:16:18,2.02303,6637.254334716797,1975.0335690159998,-129.79669570922852,1841.5286808768756,6637.254334716797,2000,128,0.1,0.2,4
306,2026-08-03 09:16:21,2.327051,6637.254334716797,2246.1991574927383,-67.86408424377441,1897.7400890980966,6637.254334716797,2000,128,0.1,0.2,4
307,2026-08-03 09:16:23,2.221715,6637.254334716797,2334.15766557469,-103.07068824768066,1976.806772621315,6637.254334716797,2000,128,0.1,0.2,4
308,2026-08-03 09:16:25,2.205282,6637.254334716797,2149.258788278902,-113.47064971923828,1833.4798489274267,6637.254334716797,2000,128,0.1,0.2,4
309,2026-08-03 09:16:27,2.245152,6637.254334716797,2299.1641359982505,-158.86878967285156,1970.9865932554067,6637.254334716797,2000,128,0.1,0.2,4
310,2026-08-03 09:16:30,2.526367,6637.254334716797,2806.8673170280817,-16.59467611420021,1959.9729246882364,6637.254334716797,2000,128,0.1,0.2,4
311,2026-08-03 09:16:32,2.219464,6637.254334716797,2357.741489485928,-64.08929339426007,1938.8373922479127,6637.254334716797,2000,128,0.1,0.2,4
312,2026-08-03 09:16:34,2.24582,6637.254334716797,2501.2832502752062,-110.1046085357666,1955.8392893276937,6637.254334716797,2000,128,0.1,0.2,4
313,2026-08-03 09:16:37,2.129323,6637.254334716797,2308.0635458066563,-62.676334381103516,1978.9446084389745,6637.254334716797,2000,128,0.1,0.2,4
314,2026-08-03 09:16:38,1.901325,6637.254334716797,2015.9029470440012,-84.15448229148905,1912.3681545729253,6637.254334716797,2000,128,0.1,0.2,4
315,2026-08-03 09:16:41,2.208653,6637.254334716797,2338.338922869004,-12.991940347771902,1983.0596420114875,6637.254334716797,2000,128,0.1,0.2,4
316,2026-08-03 09:16:43,2.24625,6637.254334716797,2227.436758135303,-2.5917530059814453,1874.9804451672724,6637.254334716797,2000,128,0.1,0.2,4
317,2026-08-03 09:16:45,2.010672,6637.254334716797,2108.9273371181434,-76.59807205200195,1943.6192648712831,6637.254334716797,2000,128,0.1,0.2,4
318,2026-08-03 09:16:47,2.109896,6637.254334716797,2290.647360716922,-93.83525848388672,1959.4914275622182,6637.254334716797,2000,128,0.1,0.2,4
319,2026-08-03 09:16:49,1.894582,6637.254334716797,1929.4486083712725,-104.10542488098145,1853.1139442254612,6637.254334716797,2000,128,0.1,0.2,4
320,2026-08-03 09:16:51,2.010321,6637.254334716797,2026.9718534344793,-149.85742568969727,1824.079272795119,6637.254334716797,2000,128,0.1,0.2,4
321,2026-08-03 09:16:53,2.073704,6637.254334716797,2076.163755720155,-73.77181053161621,1781.2135397459458,6637.254334716797,2000,128,0.1,0.2,4
322,2026-08-03 09:16:55,1.96509,6637.254334716797,2029.593870368785,-169.4347858428955,1844.9330887725266,6637.254334716797,2000,128,0.1,0.2,4
323,2026-08-03 09:16:57,1.855768,6637.254334716797,1938.224445327983,-111.59195899963379,1905.791057883149,6637.254334716797,2000,128,0.1,0.2,4
324,2026-08-03 09:16:59,1.907078,6637.254334716797,1994.7918518129836,-82.867431640625,1878.1316625936356,6637.254334716797,2000,128,0.1,0.2,4
325,2026-08-03 09:17:00,1.786056,6637.254334716797,1860.175460300789,-51.36127471923828,1890.6439118474386,6637.254334716797,2000,128,0.1,0.2,4
326,2026-08-03 09:17:02,1.90922,6637.254334716797,2019.1664486468326,-98.48799705505371,1915.9583037042423,6637.254334716797,2000,128,0.1,0.2,4
327,2026-08-03 09:17:04,1.890342,6637.254334716797,1948.825310298142,-111.49725914001465,1942.540771240044,6637.254334716797,2000,128,0.1,0.2,4
328,2026-08-03 09:17:06,1.891995,6637.254334716797,2003.1887849814386,-160.72864532470703,1855.7756859299006,6637.254334716797,2000,128,0.1,0.2,4
329,2026-08-03 09:17:08,2.011167,6637.254334716797,2164.281778196925,-101.88851356506348,1966.005610639497,6637.254334716797,2000,128,0.1,0.2,4
330,2026-08-03 09:17:10,1.861242,6637.254334716797,1934.5066575209348,-33.2859992980957,1837.6021046127914,6637.254334716797,2000,128,0.1,0.2,4
331,2026-08-03 09:17:12,2.208066,6637.254334716797,2242.787783567982,-25.96268653869629,1830.5227841163692,6637.254334716797,2000,128,0.1,0.2,4
332,2026-08-03 09:17:14,2.033048,6637.254334716797,2065.9557790532313,-56.292974878345014,1865.6775855913925,6637.254334716797,2000,128,0.1,0.2,4
333,2026-08-03 09:17:16,1.975706,6637.254334716797,1955.3483988418855,-133.60085487365723,1836.8876484453904,6637.254334716797,2000,128,0.1,0.2,4
334,2026-08-03 09:17:18,1.815702,6637.254334716797,1830.46945203406,-71.12455368041992,1753.2472499923845,6637.254334716797,2000,128,0.1,0.2,4
335,2026-08-03 09:17:20,1.988716,6637.254334716797,1891.049095584696,-148.83432388305664,1819.2191660110927,6637.254334716797,2000,128,0.1,0.2,4
336,2026-08-03 09:17:22,1.9618,6637.254334716797,1892.3499258307604,-15.975236892700195,1753.8229548713064,6637.254334716797,2000,128,0.1,0.2,4
337,2026-08-03 09:17:24,2.172042,6637.254334716797,2250.0506518471543,-95.6733226776123,1944.6303099968768,6637.254334716797,2000,128,0.1,0.2,4
338,2026-08-03 09:17:26,1.906691,6637.254334716797,1913.1334664550564,-49.83973503112793,1893.0687469258255,6637.254334716797,2000,128,0.1,0.2,4
339,2026-08-03 09:17:28,1.847102,6637.254334716797,1896.3698522556601,-96.73643112182617,2012.62446615736,6637.254334716797,2000,128,0.1,0.2,4
340,2026-08-03 09:17:30,2.223953,6637.254334716797,2166.72264288945,-222.24464416503906,1750.122698800527,6637.254334716797,2000,128,0.1,0.2,4
341,2026-08-03 09:17:32,2.175354,6637.254334716797,2189.9951470455803,-35.93292236328125,1918.1743464730498,6637.254334716797,2000,128,0.1,0.2,4
342,2026-08-03 09:17:34,2.054887,6637.254334716797,2153.511469076835,-65.01242970311364,1916.667400692889,6637.254334716797,2000,128,0.1,0.2,4
343,2026-08-03 09:17:36,1.916019,6637.254334716797,1934.44202605938,-64.28875923156738,1832.9233083932077,6637.254334716797,2000,128,0.1,0.2,4
344,2026-08-03 09:17:38,1.856099,6637.254334716797,1883.4842070382049,-106.02312088012695,1887.951062303252,6637.254334716797,2000,128,0.1,0.2,4
345,2026-08-03 09:17:40,1.792536,6637.254334716797,1710.7790978082091,-103.35216522216797,1811.6547236050274,6637.254334716797,2000,128,0.1,0.2,4
346,2026-08-03 09:17:42,1.97332,6637.254334716797,1836.4615631224383,-41.927528381347656,1719.1914581319745,6637.254334716797,2000,128,0.1,0.2,4
347,2026-08-03 09:17:44,2.176837,6637.254334716797,2145.7220145397937,-56.253671646118164,1883.532982586807,6637.254334716797,2000,128,0.1,0.2,4
348,2026-08-03 09:17:46,2.29696,6637.254334716797,2404.243880453336,-144.27142143249512,1931.262140120011,6637.254334716797,2000,128,0.1,0.2,4
349,2026-08-03 09:17:48,1.897545,6637.254334716797,1949.016776594148,-64.13044929504395,1882.0387483205348,6637.254334716797,2000,128,0.1,0.2,4
350,2026-08-03 09:17:50,1.976764,6637.254334716797,2047.520301031583,-68.53938102722168,1830.2016644396006,6637.254334716797,2000,128,0.1,0.2,4
351,2026-08-03 09:17:52,1.992108,6637.254334716797,2033.1223194085496,-26.019716262817383,1849.9296308004975,6637.254334716797,2000,128,0.1,0.2,4
352,2026-08-03 09:17:54,1.872756,6637.254334716797,1874.269840647443,-93.2458965594952,1837.3023363713357,6637.254334716797,2000,128,0.1,0.2,4
353,2026-08-03 09:17:56,1.9971,6637.254334716797,2034.9280785675387,-60.968923568725586,1882.3831098740113,6637.254334716797,2000,128,0.1,0.2,4
354,2026-08-03 09:17:58,2.126242,6637.254334716797,2044.5676988796451,-73.79641532897949,1749.3488514832993,6637.254334716797,2000,128,0.1,0.2,4
355,2026-08-03 09:18:01,2.504344,6637.254334716797,2468.891400790059,-43.37105751037598,1827.5272060110492,6637.254334716797,2000,128,0.1,0.2,4
356,2026-08-03 09:18:03,2.03495,6637.254334716797,2147.1273992707343,-63.07816524131625,1929.3864874963972,6637.254334716797,2000,128,0.1,0.2,4
357,2026-08-03 09:18:05,1.840327,6637.254334716797,1980.5329001690175,-118.33996772766113,1879.8405083937932,6637.254334716797,2000,128,0.1,0.2,4
358,2026-08-03 09:18:07,2.182172,6637.254334716797,2258.5044766639503,-95.37625312805176,1915.4041924671214,6637.254334716797,2000,128,0.1,0.2,4
359,2026-08-03 09:18:09,2.023719,6637.254334716797,2098.013739229683,-72.80387878417969,1970.2829244549644,6637.254334716797,2000,128,0.1,0.2,4
360,2026-08-03 09:18:11,2.025841,6637.254334716797,2138.749812079936,-60.89158058166504,1895.703144250283,6637.254334716797,2000,128,0.1,0.2,4
361,2026-08-03 09:18:13,2.013422,6637.254334716797,2058.868458175812,-120.73302268981934,1940.9389342241102,6637.254334716797,2000,128,0.1,0.2,4
362,2026-08-03 09:18:15,2.02042,6637.254334716797,2180.1764734150147,-123.72922897338867,1995.4603783623727,6637.254334716797,2000,128,0.1,0.2,4
363,2026-08-03 09:18:17,1.965269,6637.254334716797,2043.3681749746434,-71.27246856689453,1888.8872664116218,6637.254334716797,2000,128,0.1,0.2,4
364,2026-08-03 09:18:19,1.930595,6637.254334716797,2022.9127485397,-100.82235336303711,1887.7622861545756,6637.254334716797,2000,128,0.1,0.2,4
365,2026-08-03 09:18:21,2.095663,6637.254334716797,2223.859705878533,-71.52585983276367,1864.4306965051644,6637.254334716797,2000,128,0.1,0.2,4
366,2026-08-03 09:18:23,2.005267,6637.254334716797,2087.250442786814,-83.75258445739746,1823.5924620828766,6637.254334716797,2000,128,0.1,0.2,4
367,2026-08-03 09:18:25,1.751634,6637.254334716797,1762.4572639254911,-167.4516201019287,1789.9555718821127,6637.254334716797,2000,128,0.1,0.2,4
368,2026-08-03 09:18:27,2.016863,6637.254334716797,2084.635342741165,-118.609619140625,1803.100387442091,6637.254334716797,2000,128,0.1,0.2,4
369,2026-08-03 09:18:29,1.984173,6637.254334716797,1986.1687526079156,-64.42766189575195,1777.0903631378908,6637.254334716797,2000,128,0.1,0.2,4
370,2026-08-03 09:18:31,1.943652,6637.254334716797,1962.4938283270683,-71.29592895507812,1897.5480809654105,6637.254334716797,2000,128,0.1,0.2,4
371,2026-08-03 09:18:33,1.929684,6637.254334716797,1990.1267478824714,-49.35164451599121,1783.874865588971,6637.254334716797,2000,128,0.1,0.2,4
372,2026-08-03 09:18:35,2.134068,6637.254334716797,2108.6366869624726,-122.11899757385254,1770.7915942539466,6637.254334716797,2000,128,0.1,0.2,4
373,2026-08-03 09:18:37,1.89699,6637.254334716797,1899.5315567088376,-116.38550758361816,1838.7647866483785,6637.254334716797,2000,128,0.1,0.2,4
374,2026-08-03 09:18:38,1.771208,6637.254334716797,1799.598610592737,-108.22768211364746,1895.7575864597343,6637.254334716797,2000,128,0.1,0.2,4
375,2026-08-03 09:18:40,1.758548,6637.254334716797,1735.9651576261424,-65.05012512207031,1784.0641103866592,6637.254334716797,2000,128,0.1,0.2,4
376,2026-08-03 09:18:42,2.086565,6637.254334716797,2097.0109585747123,-75.4916124343872,1799.4075606590225,6637.254334716797,2000,128,0.1,0.2,4
377,2026-08-03 09:18:44,1.815174,6637.254334716797,1863.903219422677,-135.78877449035645,1929.5318386853967,6637.254334716797,2000,128,0.1,0.2,4
378,2026-08-03 09:18:46,2.001632,6637.254334716797,2041.592054941724,-59.15846824645996,1833.6895975553741,6637.254334716797,2000,128,0.1,0.2,4
379,2026-08-03 09:18:48,1.858818,6637.254334716797,1965.146516428293,-64.87550735473633,1908.2879156066876,6637.254334716797,2000,128,0.1,0.2,4
380,2026-08-03 09:18:50,2.030887,6637.254334716797,2290.3113170888787,-208.53562355041504,1926.8344155367702,6637.254334716797,2000,128,0.1,0.2,4
381,2026-08-03 09:18:52,1.716452,6637.254334716797,1847.5046019731901,-131.85853958129883,1835.1083119525183,6637.254334716797,2000,128,0.1,0.2,4
382,2026-08-03 09:18:53,1.692292,6637.254334716797,1810.0745917377415,-65.04607200622559,1904.0761355161717,6637.254334716797,2000,128,0.1,0.2,4
383,2026-08-03 09:18:55,1.993264,6637.254334716797,2102.1970029133217,-61.84258460998535,1897.949243046268,6637.254334716797,2000,128,0.1,0.2,4
384,2026-08-03 09:18:57,1.990642,6637.254334716797,2078.9010123207577,-98.1569766998291,1919.663953248095,6637.254334716797,2000,128,0.1,0.2,4
385,2026-08-03 09:18:59,1.681924,6637.254334716797,1901.2443217646085,-99.69968795776367,2008.5513269360406,6637.254334716797,2000,128,0.1,0.2,4
386,2026-08-03 09:19:01,1.739882,6637.254334716797,1904.704221311807,-54.03451919555664,1814.4138999339318,6637.254334716797,2000,128,0.1,0.2,4
387,2026-08-03 09:19:03,1.947222,6637.254334716797,1985.9676305656055,-58.737802505493164,1834.2030305355593,6637.254334716797,2000,128,0.1,0.2,4
388,2026-08-03 09:19:05,1.789584,6637.254334716797,1691.7610072522125,-72.05972671508789,1755.892607888548,6637.254334716797,2000,128,0.1,0.2,4
389,2026-08-03 09:19:06,1.90105,6637.254334716797,1879.7110834022615,-103.51424217224121,1817.1390544455223,6637.254334716797,2000,128,0.1,0.2,4
390,2026-08-03 09:19:08,1.642243,6637.254334716797,1699.1557596347984,-33.040343135236256,1774.4880693402677,6637.254334716797,2000,128,0.1,0.2,4
391,2026-08-03 09:19:10,1.98957,6637.254334716797,2125.8374839301882,-29.01906967163086,1887.4457601435304,6637.254334716797,2000,128,0.1,0.2,4
392,2026-08-03 09:19:12,1.78466,6637.254334716797,1953.971639785095,-91.77049379500131,1914.3237069670909,6637.254334716797,2000,128,0.1,0.2,4
393,2026-08-03 09:19:14,1.792743,6637.254334716797,1881.7976758526163,-98.88129234313965,1925.6422677600701,6637.254334716797,2000,128,0.1,0.2,4
394,2026-08-03 09:19:15,1.796097,6637.254334716797,1784.3968205704682,-72.01416256916092,1834.248478376437,6637.254334716797,2000,128,0.1,0.2,4
395,2026-08-03 09:19:17,1.841275,6637.254334716797,1958.4149892743617,-88.10176849365234,1886.5969632501658,6637.254334716797,2000,128,0.1,0.2,4
396,2026-08-03 09:19:19,1.984194,6637.254334716797,2230.1702956711097,-25.470924377441406,1928.8327929560894,6637.254334716797,2000,128,0.1,0.2,4
397,2026-08-03 09:19:21,1.724643,6637.254334716797,1872.8018550055358,-83.63204002380371,1957.0011586672545,6637.254334716797,2000,128,0.1,0.2,4
398,2026-08-03 09:19:23,1.855063,6637.254334716797,2034.9453426654943,-86.35988235473633,1965.6881349686696,6637.254334716797,2000,128,0.1,0.2,4
399,2026-08-03 09:19:25,2.017127,6637.254334716797,2292.540009664093,-80.66789122188793,1926.7174040747661,6637.254334716797,2000,128,0.1,0.2,4
400,2026-08-03 09:19:27,2.064881,6637.254334716797,2269.469558151779,-84.91670106289655,1918.2901387976485,6637.254334716797,2000,128,0.1,0.2,4
401,2026-08-03 09:19:29,1.890373,6637.254334716797,2097.728214386279,-149.67670440673828,2013.2916388608883,6637.254334716797,2000,128,0.1,0.2,4
402,2026-08-03 09:19:31,1.896461,6637.254334716797,1985.7564413088369,-98.11668074274638,1881.0338431248504,6637.254334716797,2000,128,0.1,0.2,4
403,2026-08-03 09:19:33,1.810022,6637.254334716797,1943.5768939441805,-0.5057334899902344,1821.8733222196238,6637.254334716797,2000,128,0.1,0.2,4
404,2026-08-03 09:19:35,1.998232,6637.254334716797,2050.631435626811,-72.97739938248036,1819.755820550478,6637.254334716797,2000,128,0.1,0.2,4
405,2026-08-03 09:19:37,2.009789,6637.254334716797,2023.6219981810184,-163.14959526062012,1852.326770425851,6637.254334716797,2000,128,0.1,0.2,4
406,2026-08-03 09:19:39,2.011149,6637.254334716797,2077.6814551793823,-98.26645851135254,1842.6184569737882,6637.254334716797,2000,128,0.1,0.2,4
407,2026-08-03 09:19:40,1.866216,6637.254334716797,1977.0080761530498,-26.80974006652832,1860.5623043531593,6637.254334716797,2000,128,0.1,0.2,4
408,2026-08-03 09:19:42,2.059028,6637.254334716797,2017.9202147100168,-176.13530158996582,1719.0884661376695,6637.254334716797,2000,128,0.1,0.2,4
409,2026-08-03 09:19:44,1.95292,6637.254334716797,1892.9722278590223,-80.93628883361816,1701.2684212179718,6637.254334716797,2000,128,0.1,0.2,4
410,2026-08-03 09:19:47,2.078393,6637.254334716797,2000.2799307718872,-48.96411507217972,1799.3196427866978,6637.254334716797,2000,128,0.1,0.2,4
411,2026-08-03 09:19:48,1.962906,6637.254334716797,1916.4932311874304,-109.02285575866699,1828.9877491551713,6637.254334716797,2000,128,0.1,0.2,4
412,2026-08-03 09:19:50,1.979694,6637.254334716797,2052.127570445261,-105.02419471740723,1890.8540918665988,6637.254334716797,2000,128,0.1,0.2,4
413,2026-08-03 09:19:52,1.565123,6637.254334716797,1549.104637472603,-101.96866989135742,1736.2560780895255,6637.254334716797,2000,128,0.1,0.2,4
414,2026-08-03 09:19:54,1.842998,6637.254334716797,1837.9032803229782,-156.03489875793457,1750.5835215277796,6637.254334716797,2000,128,0.1,0.2,4
415,2026-08-03 09:19:56,1.777497,6637.254334716797,1719.000333840676,-73.6465835571289,1684.0492124607913,6637.254334716797,2000,128,0.1,0.2,4
416,2026-08-03 09:19:58,2.017574,6637.254334716797,1864.961231780431,-119.67473030090332,1769.5576122427337,6637.254334716797,2000,128,0.1,0.2,4
417,2026-08-03 09:20:00,1.910884,6637.254334716797,1767.506888603371,-108.2481861114502,1762.1542992848774,6637.254334716797,2000,128,0.1,0.2,4
418,2026-08-03 09:20:01,1.884651,6637.254334716797,1784.6531237850693,-123.04887771606445,1827.5255325958594,6637.254334716797,2000,128,0.1,0.2,4
419,2026-08-03 09:20:04,2.04456,6637.254334716797,1969.2560886384565,-156.36134147644043,1849.9611575003062,6637.254334716797,2000,128,0.1,0.2,4
420,2026-08-03 09:20:06,2.201517,6637.254334716797,2104.501520102095,-52.05124954679119,1813.3047389560738,6637.254334716797,2000,128,0.1,0.2,4
421,2026-08-03 09:20:08,2.176073,6637.254334716797,2109.277467411221,-31.90141528485769,1862.4340021819999,6637.254334716797,2000,128,0.1,0.2,4
422,2026-08-03 09:20:10,1.892339,6637.254334716797,1898.2025616762476,-113.20734024047852,1909.7456962708059,6637.254334716797,2000,128,0.1,0.2,4
423,2026-08-03 09:20:12,2.012815,6637.254334716797,2246.4357866899845,-88.21627203240452,2008.998508591029,6637.254334716797,2000,128,0.1,0.2,4
424,2026-08-03 09:20:14,1.698759,6637.254334716797,1788.064145488523,-22.631981008193065,1916.746727430425,6637.254334716797,2000,128,0.1,0.2,4
425,2026-08-03 09:20:16,2.123303,6637.254334716797,2318.9196787367437,-195.68533897399902,1930.759260560525,6637.254334716797,2000,128,0.1,0.2,4
426,2026-08-03 09:20:18,1.956084,6637.254334716797,2101.034929435842,-54.256486892700195,1970.4688761442048,6637.254334716797,2000,128,0.1,0.2,4
427,2026-08-03 09:20:20,1.974695,6637.254334716797,2041.477332871028,-123.45271110534668,1903.8902503112222,6637.254334716797,2000,128,0.1,0.2,4
428,2026-08-03 09:20:21,1.923382,6637.254334716797,1770.6061456699242,8.576235834757483,1699.7527718463582,6637.254334716797,2000,128,0.1,0.2,4
429,2026-08-03 09:20:23,1.789085,6637.254334716797,1730.7450168620865,-150.34289360046387,1810.2611741434237,6637.254334716797,2000,128,0.1,0.2,4
430,2026-08-03 09:20:26,2.290232,6637.254334716797,2243.8630197148923,-90.74325650375081,1976.8389272337645,6637.254334716797,2000,128,0.1,0.2,4
431,2026-08-03 09:20:28,1.979629,6637.254334716797,1918.1917673234798,-35.65888289566878,1838.5484886909117,6637.254334716797,2000,128,0.1,0.2,4
432,2026-08-03 09:20:30,2.001899,6637.254334716797,1945.1309119926502,-138.41242790222168,1791.557594412003,6637.254334716797,2000,128,0.1,0.2,4
433,2026-08-03 09:20:32,2.136942,6637.254334716797,1912.9688650164896,-143.7281608581543,1833.8712451305416,6637.254334716797,2000,128,0.1,0.2,4
434,2026-08-03 09:20:34,2.054275,6637.254334716797,1965.8712697141134,-158.44926834106445,1795.3848875618648,6637.254334716797,2000,128,0.1,0.2,4
435,2026-08-03 09:20:36,2.111768,6637.254334716797,2057.8990649573902,-77.85482406616211,1805.338021502361,6637.254334716797,2000,128,0.1,0.2,4
436,2026-08-03 09:20:38,2.447546,6637.254334716797,2357.8775453245385,-228.75022888183594,1830.271565735157,6637.254334716797,2000,128,0.1,0.2,4
437,2026-08-03 09:20:40,2.055213,6637.254334716797,2164.193205781795,-28.68221664428711,1924.579739877443,6637.254334716797,2000,128,0.1,0.2,4
438,2026-08-03 09:20:43,2.157949,6637.254334716797,2179.216505713536,-30.279064178466797,1850.0625112789978,6637.254334716797,2000,128,0.1,0.2,4
439,2026-08-03 09:20:45,1.994191,6637.254334716797,1950.9902849297368,-136.8666172027588,1850.1378077081895,6637.254334716797,2000,128,0.1,0.2,4
440,2026-08-03 09:20:47,2.177719,6637.254334716797,2217.7742200497773,-76.18489265441895,1927.0644762204197,6637.254334716797,2000,128,0.1,0.2,4
441,2026-08-03 09:20:49,1.964236,6637.254334716797,1928.0523881490626,-72.2865104675293,1848.0494561978908,6637.254334716797,2000,128,0.1,0.2,4
442,2026-08-03 09:20:51,2.129345,6637.254334716797,2120.2920634207517,-60.70781980242048,1881.4705752789623,6637.254334716797,2000,128,0.1,0.2,4
443,2026-08-03 09:20:53,2.279167,6637.254334716797,2247.8369923778146,-14.305639266967773,1824.1210888233204,6637.254334716797,2000,128,0.1,0.2,4
444,2026-08-03 09:20:55,2.055879,6637.254334716797,1974.2446537570322,-44.200423607459435,1852.7025131505984,6637.254334716797,2000,128,0.1,0.2,4
445,2026-08-03 09:20:57,2.055824,6637.254334716797,1901.995697529085,-10.804454018087952,1777.2655303608826,6637.254334716797,2000,128,0.1,0.2,4
446,2026-08-03 09:20:59,2.290624,6637.254334716797,2126.480622246708,-30.829143524169922,1761.8446939607336,6637.254334716797,2000,128,0.1,0.2,4
447,2026-08-03 09:21:02,2.153346,6637.254334716797,1886.7051121547856,-93.04595619741113,1813.268789033151,6637.254334716797,2000,128,0.1,0.2,4
448,2026-08-03 09:21:04,1.970198,6637.254334716797,1921.071886315178,-79.04257774353027,1953.9891950103272,6637.254334716797,2000,128,0.1,0.2,4
449,2026-08-03 09:21:06,2.116531,6637.254334716797,2005.4659264476477,-64.10434288953347,1917.2115724816338,6637.254334716797,2000,128,0.1,0.2,4
450,2026-08-03 09:21:08,2.053779,6637.254334716797,1996.734181233213,-173.88195991516113,1828.2821512311496,6637.254334716797,2000,128,0.1,0.2,4
451,2026-08-03 09:21:10,2.379078,6637.254334716797,2420.045733404541,-43.63718032836914,1857.6498896481773,6637.254334716797,2000,128,0.1,0.2,4
452,2026-08-03 09:21:12,1.857271,6637.254334716797,1865.8658149327175,-59.06538963317871,1760.867129151324,6637.254334716797,2000,128,0.1,0.2,4
453,2026-08-03 09:21:14,2.110123,6637.254334716797,2209.284517538643,-56.439924240112305,1992.6523152073553,6637.254334716797,2000,128,0.1,0.2,4
454,2026-08-03 09:21:16,1.864681,6637.254334716797,1794.8021520858283,-47.533607482910156,1829.0697959335914,6637.254334716797,2000,128,0.1,0.2,4
455,2026-08-03 09:21:18,2.259463,6637.254334716797,2170.0998477457474,-74.28258162278395,1851.23551998667,6637.254334716797,2000,128,0.1,0.2,4
456,2026-08-03 09:21:20,2.157678,6637.254334716797,1952.013224121679,-119.35186386108398,1867.7471638931918,6637.254334716797,2000,128,0.1,0.2,4
457,2026-08-03 09:21:22,1.927664,6637.254334716797,1988.7134396858642,-73.9410400390625,1858.6396618012184,6637.254334716797,2000,128,0.1,0.2,4
458,2026-08-03 09:21:24,2.108653,6637.254334716797,2040.7612881245054,-64.94574546813965,1811.8468913345964,6637.254334716797,2000,128,0.1,0.2,4
459,2026-08-03 09:21:27,2.227149,6637.254334716797,2213.045740717325,-109.62748527526855,1934.8900885917533,6637.254334716797,2000,128,0.1,0.2,4
460,2026-08-03 09:21:29,2.352891,6637.254334716797,2360.7784870066284,-74.20511245727539,1909.197423203587,6637.254334716797,2000,128,0.1,0.2,4
461,2026-08-03 09:21:31,2.145897,6637.254334716797,2029.5960814171833,-92.59810447692871,1941.9227817979986,6637.254334716797,2000,128,0.1,0.2,4
462,2026-08-03 09:21:34,2.381502,6637.254334716797,2200.452759625335,-54.20505689538044,1849.0546055159903,6637.254334716797,2000,128,0.1,0.2,4
463,2026-08-03 09:21:36,2.114917,6637.254334716797,2134.097404863075,-122.24526405334473,1878.0817700016153,6637.254334716797,2000,128,0.1,0.2,4
464,2026-08-03 09:21:38,1.890288,6637.254334716797,1841.0374367313086,-111.26885414123535,1875.7378146586527,6637.254334716797,2000,128,0.1,0.2,4
465,2026-08-03 09:21:40,1.951941,6637.254334716797,1814.768189351444,-56.43830163138253,1839.950586142575,6637.254334716797,2000,128,0.1,0.2,4
466,2026-08-03 09:21:41,1.933956,6637.254334716797,1824.9380652686689,-34.2165470123291,1707.557464706166,6637.254334716797,2000,128,0.1,0.2,4
467,2026-08-03 09:21:43,1.780828,6637.254334716797,1765.063240521275,-121.60253524780273,1922.4036725162464,6637.254334716797,2000,128,0.1,0.2,4
468,2026-08-03 09:21:46,2.319025,6637.254334716797,2216.3156092650197,-84.381529490153,1772.1758630939316,6637.254334716797,2000,128,0.1,0.2,4
469,2026-08-03 09:21:47,1.855077,6637.254334716797,1846.7583881385247,-39.15657997131348,1858.0565685187678,6637.254334716797,2000,128,0.1,0.2,4
470,2026-08-03 09:21:50,2.206826,6637.254334716797,2162.4925432199107,-83.53538513183594,1915.7551447887288,6637.254334716797,2000,128,0.1,0.2,4
471,2026-08-03 09:21:52,2.095528,6637.254334716797,2018.8619504173646,-14.145326614379883,1957.715475021591,6637.254334716797,2000,128,0.1,0.2,4
472,2026-08-03 09:21:54,1.958233,6637.254334716797,1841.0698295955933,-199.277925491333,1789.9393802017516,6637.254334716797,2000,128,0.1,0.2,4
473,2026-08-03 09:21:56,2.166623,6637.254334716797,1989.0610782917456,-116.67470932006836,1800.4946861889541,6637.254334716797,2000,128,0.1,0.2,4
474,2026-08-03 09:21:58,2.076289,6637.254334716797,1947.1352392539245,-116.3823127746582,1853.3431775847216,6637.254334716797,2000,128,0.1,0.2,4
475,2026-08-03 09:22:00,1.807706,6637.254334716797,1779.4183084388312,-174.98712539672852,1876.2009623134904,6637.254334716797,2000,128,0.1,0.2,4
476,2026-08-03 09:22:02,2.12983,6637.254334716797,1925.154549426747,-64.91414570417561,1670.480675268336,6637.254334716797,2000,128,0.1,0.2,4
477,2026-08-03 09:22:04,2.03006,6637.254334716797,1880.1788115917766,-163.0063533782959,1817.8755233894253,6637.254334716797,2000,128,0.1,0.2,4
478,2026-08-03 09:22:06,2.228643,6637.254334716797,1867.8370846876207,-78.55091094970703,1798.5534753009708,6637.254334716797,2000,128,0.1,0.2,4
479,2026-08-03 09:22:08,2.111495,6637.254334716797,1801.2413874174395,-89.95904922485352,1791.7018347805358,6637.254334716797,2000,128,0.1,0.2,4
480,2026-08-03 09:22:10,2.096926,6637.254334716797,1907.1039976364762,13.744289691631622,1819.9260179928356,6637.254334716797,2000,128,0.1,0.2,4
481,2026-08-03 09:22:13,2.157488,6637.254334716797,2122.131203534337,-75.23393630981445,1864.265785143983,6637.254334716797,2000,128,0.1,0.2,4
482,2026-08-03 09:22:15,2.053164,6637.254334716797,1980.7523585075376,-141.12658500671387,1885.6367134659838,6637.254334716797,2000,128,0.1,0.2,4
483,2026-08-03 09:22:16,1.924242,6637.254334716797,1937.0618558659062,-96.88677787780762,1889.2227400082409,6637.254334716797,2000,128,0.1,0.2,4
484,2026-08-03 09:22:18,1.890842,6637.254334716797,1819.2884259845569,-93.02701950073242,1763.1974363091442,6637.254334716797,2000,128,0.1,0.2,4
485,2026-08-03 09:22:20,2.037266,6637.254334716797,1964.405994066496,-72.71949132283528,1847.4733090193897,6637.254334716797,2000,128,0.1,0.2,4
486,2026-08-03 09:22:23,2.23912,6637.254334716797,2254.836905677016,-111.97290420532227,1955.2125810696532,6637.254334716797,2000,128,0.1,0.2,4
487,2026-08-03 09:22:25,2.20459,6637.254334716797,2201.574290590482,-85.33186912536621,1947.1597829864336,6637.254334716797,2000,128,0.1,0.2,4
488,2026-08-03 09:22:27,2.174843,6637.254334716797,2060.8603736601085,-115.76499938964844,1806.2292789793132,6637.254334716797,2000,128,0.1,0.2,4
489,2026-08-03 09:22:29,2.347864,6637.254334716797,2277.737101952804,-144.1946029663086,1727.9016847132268,6637.254334716797,2000,128,0.1,0.2,4
490,2026-08-03 09:22:32,2.417418,6637.254334716797,2298.9374066997175,-33.2819938659668,1796.1745567269957,6637.254334716797,2000,128,0.1,0.2,4
491,2026-08-03 09:22:34,2.062688,6637.254334716797,1941.8218954685556,-83.76196392511918,1807.0980282387359,6637.254334716797,2000,128,0.1,0.2,4
492,2026-08-03 09:22:36,2.10149,6637.254334716797,2059.032534913802,-89.92624282836914,1846.8268171746804,6637.254334716797,2000,128,0.1,0.2,4
493,2026-08-03 09:22:38,2.153333,6637.254334716797,1943.5145258205196,-62.68110275268555,1827.2056965228333,6637.254334716797,2000,128,0.1,0.2,4
494,2026-08-03 09:22:40,2.113381,6637.254334716797,2001.7977580673607,-139.96171951293945,1793.158126604404,6637.254334716797,2000,128,0.1,0.2,4
495,2026-08-03 09:22:42,2.147139,6637.254334716797,2085.538004070195,-56.462812423706055,1817.3136202402143,6637.254334716797,2000,128,0.1,0.2,4
496,2026-08-03 09:22:44,2.072693,6637.254334716797,2034.359665748249,-124.08876419067383,1804.1315544873705,6637.254334716797,2000,128,0.1,0.2,4
497,2026-08-03 09:22:47,2.254627,6637.254334716797,2174.9222159167316,-111.6647720336914,1875.1610843511799,6637.254334716797,2000,128,0.1,0.2,4
498,2026-08-03 09:22:49,2.176807,6637.254334716797,2373.4110063567136,-55.35235404968262,1981.4815851638266,6637.254334716797,2000,128,0.1,0.2,4
499,2026-08-03 09:22:51,1.917678,6637.254334716797,1924.7942121131407,-55.05218505859375,1889.9890614511326,6637.254334716797,2000,128,0.1,0.2,4
